\documentclass[12pt]{article}
\usepackage{geometry}
\usepackage{graphicx}
\usepackage{float}
\usepackage{fancyhdr}
\usepackage{listings}
\geometry{a4paper} % or letter or a5paper or ... etc


\title{Report 8 - Reviews}
\author{Do Son Tung}
\date{} % delete this line to display the current date

%%% BEGIN DOCUMENT
\begin{document}

\maketitle

\textbf{1: List names of all the languages in the database (sorted alphabetically)?}
\begin{lstlisting}[language=SQL]
SELECT name FROM language ORDER BY name;
+----------+
| name     |
+----------+
| English  |
| French   |
| German   |
| Italian  |
| Japanese |
| Mandarin |
+----------+
6 rows in set (0.00 sec)
\end{lstlisting}


\textbf{2: List full names of actors with "GER" in their last name, ordered by their first name}

\begin{lstlisting}[language=SQL]
SELECT CONCAT(first_name," ",last_name) AS full_name FROM actor
WHERE last_name LIKE "%GER%" ORDER BY first_name;
+-------------------+
| full_name         |
+-------------------+
| CAMERON ZELLWEGER |
| JULIA ZELLWEGER   |
| MICHAEL BOLGER    |
| MINNIE ZELLWEGER  |
| VAL BOLGER        |
| VIVIEN BASINGER   |
+-------------------+
6 rows in set (0.01 sec)

\end{lstlisting}

\pagebreak

\textbf{3: Find all the addresses where postal code starts with "57", and return addresses sorted.}
\begin{lstlisting}[language=SQL]
SELECT address, postal_code FROM address 
WHERE postal_code LIKE "57%" ORDER BY address;
+-----------------------------------+-------------+
| address                           | postal_code |
+-----------------------------------+-------------+
| 1029 Dzerzinsk Manor              | 57519       |
| 1061 Ede Avenue                   | 57810       |
| 1287 Xiangfan Boulevard           | 57844       |
| 1309 Weifang Street               | 57338       |
| 1515 Korla Way                    | 57197       |
| 1697 Kowloon and New Kowloon Loop | 57807       |
| 231 Kaliningrad Place             | 57833       |
| 390 Wroclaw Way                   | 5753        |
| 431 Szkesfehrvr Avenue            | 57828       |
| 687 Alessandria Parkway           | 57587       |
| 869 Shikarpur Way                 | 57380       |
+-----------------------------------+-------------+
11 rows in set (0.00 sec)
\end{lstlisting}

\textbf{4: How many films involve a "DWARF" in their titles?}
\begin{lstlisting}[language=SQL]
SELECT title FROM film WHERE title LIKE "%DWARF%";
+---------------------+
| title               |
+---------------------+
| DWARFS ALTER        |
| LEATHERNECKS DWARFS |
+---------------------+
2 rows in set (0.00 sec)
\end{lstlisting}


\textbf{5: Find full names of actors who played in a film involving ’WAR’ in title and longer than 2.5 hours, along with the title, run length and release year of the movie, sorted by the actors’ last names.}
\begin{lstlisting}[language=SQL]
SELECT CONCAT(first_name," ",last_name) AS full_name, film.title, film.length,  film.release_year 
FROM actor 
JOIN film_actor ON actor.actor_id = film_actor.actor_id
JOIN film ON film.film_id = film_actor.film_id
WHERE film.title LIKE "%WAR%" AND film.length > 150
ORDER BY actor.last_name

+-------------------+---------------------+--------+--------------+
| full_name         | title               | length | release_year |
+-------------------+---------------------+--------+--------------+
| ANGELINA ASTAIRE  | WARDROBE PHANTOM    |    178 |         2006 |
| KARL BERRY        | LEATHERNECKS DWARFS |    153 |         2006 |
| SUSAN DAVIS       | LEATHERNECKS DWARFS |    153 |         2006 |
| RIVER DEAN        | WARDROBE PHANTOM    |    178 |         2006 |
| SPENCER DEPP      | LEATHERNECKS DWARFS |    153 |         2006 |
| BOB FAWCETT       | LEATHERNECKS DWARFS |    153 |         2006 |
| GREGORY GOODING   | WARDROBE PHANTOM    |    178 |         2006 |
| ADAM GRANT        | GLADIATOR WESTWARD  |    173 |         2006 |
| KIRK JOVOVICH     | GLADIATOR WESTWARD  |    173 |         2006 |
| KIRK JOVOVICH     | WARDROBE PHANTOM    |    178 |         2006 |
| JULIA MCQUEEN     | GLADIATOR WESTWARD  |    173 |         2006 |
| PENELOPE MONROE   | LEATHERNECKS DWARFS |    153 |         2006 |
| WARREN NOLTE      | WARDROBE PHANTOM    |    178 |         2006 |
| JAYNE SILVERSTONE | GLADIATOR WESTWARD  |    173 |         2006 |
| IAN TANDY         | GLADIATOR WESTWARD  |    173 |         2006 |
| IAN TANDY         | LEATHERNECKS DWARFS |    153 |         2006 |
| THORA TEMPLE      | WARDROBE PHANTOM    |    178 |         2006 |
| WALTER TORN       | WARDROBE PHANTOM    |    178 |         2006 |
| NICK WAHLBERG     | WARDROBE PHANTOM    |    178 |         2006 |
| UMA WOOD          | LEATHERNECKS DWARFS |    153 |         2006 |
| CAMERON ZELLWEGER | GLADIATOR WESTWARD  |    173 |         2006 |
+-------------------+---------------------+--------+--------------+
21 rows in set (0.02 sec)
\end{lstlisting}


\textbf{6: Find all the film categories in which there are between 55 and 65 films. Return the names of these categories and the number of films per category, sorted by the number of films descending.}
\begin{lstlisting}[language=SQL]
SELECT category.name, COUNT(film.film_id) AS film_cat
FROM film
JOIN film_category ON film.film_id = film_category.film_id
JOIN category ON film_category.category_id = category.category_id 
GROUP BY category.name
HAVING film_cat BETWEEN 55 AND 65
ORDER BY film_cat DESC;

+----------+----------+
| name     | film_cat |
+----------+----------+
| Action   |       64 |
| New      |       63 |
| Drama    |       62 |
| Games    |       61 |
| Sci-Fi   |       61 |
| Children |       60 |
| Comedy   |       58 |
| Classics |       57 |
| Travel   |       57 |
| Horror   |       56 |
+----------+----------+
10 rows in set (0.01 sec)

\end{lstlisting}

\textbf{7: In how many film categories is the average difference between the film replacement cost and the rental rate larger than 17?}
\begin{lstlisting}[language=SQL]

SELECT COUNT(cate) FROM (SELECT film_category.category_id AS cate FROM film JOIN film_category ON film.film_id = film_category.film_id GROUP BY film_category.category_id HAVING ABS(AVG(replacement_cost)-AVG(rental_rate)) > 17) AS A;

+-------------+
| COUNT(cate) |
+-------------+
|           8 |
+-------------+
1 row in set (0.01 sec)
\end{lstlisting}

\textbf{8: Find the address district(s) name(s) such that the minimal postal code in the district(s) is maximal over all the districts. Make sure your query ignores empty postal codes and district names.}
\begin{lstlisting}[language=SQL]

SELECT district, MIN(postal_code) AS minimal_postal_code FROM
address WHERE postal_code IS NOT NULL
GROUP BY district
ORDER BY minimal_postal_code DESC
LIMIT 1;
+----------+---------------------+
| district | minimal_postal_code |
+----------+---------------------+
| Crdoba   | 99865               |
+----------+---------------------+
1 row in set (0.00 sec)
\end{lstlisting}

\textbf{9: Find the names (first and last) of all the actors and customers whose first name is the same as the first name of the actor with ID 101 (exclude the actor with ID 101).}
\begin{lstlisting}[language=SQL]
CREATE VIEW ID_101 AS SELECT first_name FROM actor WHERE actor_id = 101;

SELECT CONCAT(first_name," ",last_name) AS full_name 
FROM actor 
WHERE first_name = (select * from ID_101) AND actor_id <> 101
UNION
SELECT CONCAT(first_name," ",last_name) AS full_name
FROM customer
WHERE first_name = (select * from ID_101);

+--------------+
| full_name    |
+--------------+
| SUSAN DAVIS  |
| SUSAN WILSON |
+--------------+
2 rows in set (0.00 sec)
\end{lstlisting}

%\begin{figure}[H]
%  \includegraphics[width=\linewidth]{}
%  \caption{Relation}
%  \label{fig:relation}
%\end{figure}

\end{document}